,state,id,title,description,url,applyMethod,company,location,type,applies,views,expireAt,formattedJobFunctions,jobFunctions,industries,formattedIndustries,formattedExperienceLevel,listedAt,originalListedAt,skills,Skills_extracted,SoftSkills_extracted,lang,Skills_es,SoftSkills_es
0,LISTED,3889905002,Subgerente de Publicidad,"A cargo de la planificación, implementación y ejecución de la estrategia de branding, incluido el establecimiento de guidelines, visión y propuesta de valor de la marca, a corto y largo plazo.
Custodio de la marca y experto en uso de la imagen para garantizar la integridad de la marca.Identifica necesidades de comunicación, ejecuta proyectos de investigación y analiza data para detectar oportunidades para la imagen de marca.
Encargado de estructurar, proponer e implementar planes estratégicos de comunicación que incrementen el nivel de recordación y consideración de marca, con el objetivo de generar un impacto positivo en ventas y en la percepción de marca en el mercado nacional.
Responsable de presentar e implementar conceptos creativos para las campañas de publicidad y promoción de la marca.
Conocimientos básicos de diseño, investigación de mercado (técnicas y análisis). Conceptos de marketing, publicidad, análisis, comunicación y diseño de planes de mercadotecnia. Management de multiproyectos. Lectura e interpretación del mercado enfocada al negocio, experiencia en interpretación del comportamiento del consumidor, proactividad en búsqueda de nuevas formas y medios de comunicación. Conocimiento de producción audiovisual y plataformas digitales.",https://www.linkedin.com/jobs/view/3889905002/,"{'companyApplyUrl': '', 'easyApplyUrl': 'https://www.linkedin.com/job-apply/3889905002'}","{'id': 2109, 'name': 'Toyota Motor Corporation', 'universalName': 'toyota', 'description': 'Toyota Motor Corporation is a global automotive industry leader manufacturing vehicles in 27 countries or regions and marketing the company’s products in over 170 countries and regions. Founded in 1937 and headquartered in Toyota City, Japan, Toyota Motor Corporation employs nearly 350,000 people globally.', 'logo': 'https://media.licdn.com/dms/image/C510BAQG6BUUPIVuQIQ/company-logo_200_200/0/1631431196156/toyota_logo?e=1723075200&v=beta&t=n1QfbqEZNBTpVlUm9YN7PuDj0TfnBhBntH4bVdezfeI', 'url': 'https://www.linkedin.com/company/toyota', 'followerCount': 2092176, 'staffCount': 27260, 'staffCountRange': {'start': 10001}, 'specialities': ['Automotive'], 'industries': ['Motor Vehicle Manufacturing'], 'headquarter': {'geographicArea': 'Aichi Prefecture', 'country': 'JP', 'city': 'Toyota City', 'postalCode': '471-8571', 'line1': '1 Toyota-Cho'}}",Mexico City Metropolitan Area,Full-time,1389,4278,1715380771000,['Marketing'],['MRKT'],[53],['Motor Vehicle Manufacturing'],Associate,1712788771000,1712788771000,"['Branding', 'Digital Marketing', 'Digital Media', 'Google Analytics', 'Marketing Strategy', 'Online Advertising', 'Online Marketing', 'Search Engine Optimization (SEO)', 'Social Media', 'Social Media Marketing']","

1. Planificación estratégica
2. Implementación de estrategias de branding
3. Ejecución de estrategias de branding
4. Establecimiento de guidelines
5. Visión de marca
6. Propuesta de valor de la marca
7. Custodia de la marca
8. Uso de la imagen
9. Identificación de necesidades de comunicación
10. Ejecución de proyectos de investigación
11. Análisis de datos
12. Estructuración de planes estratégicos de comunicación
13. Incremento de recordación y consideración de marca
14. Generación de impacto positivo en ventas
15. Presentación de conceptos creativos
16. Implementación de campañas de publicidad y promoción
17. Conocimientos básicos de diseño
18. Investigación de mercado
19. Conceptos de marketing
20. Análisis de mercado
21. Comunicación
22. Diseño de planes de mercadotecnia
23. Management de multiproyectos
24. Lectura e interpretación del mercado
25. Experiencia en interpretación del comportamiento del consumidor
26. Proactiv","

1. Planificación estratégica
2. Implementación de estrategias de branding
3. Establecimiento de guidelines
4. Visión de marca
5. Propuesta de valor de la marca
6. Custodia de la marca
7. Uso de la imagen
8. Identificación de necesidades de comunicación
9. Ejecución de proyectos de investigación
10. Análisis de datos
11. Estructuración de planes estratégicos de comunicación
12. Incremento de recordación y consideración de marca
13. Generación de impacto positivo en ventas
14. Presentación de conceptos creativos
15. Conocimientos básicos de diseño
16. Investigación de mercado
17. Conceptos de marketing
18. Publicidad
19. Análisis
20. Comunicación
21. Diseño de planes de mercadotecnia
22. Management de multiproyectos
23. Lectura e interpretación del mercado
24. Experiencia en interpretación del comportamiento del consumidor
25. Proactividad en búsqueda de nuevas formas y medios de comunicación
26. Conocimiento de producción audiovisual
27. Pl",es,"

1. Planificación estratégica
2. Implementación de estrategias de branding
3. Ejecución de estrategias de branding
4. Establecimiento de guidelines
5. Visión de marca
6. Propuesta de valor de la marca
7. Custodia de la marca
8. Uso de la imagen
9. Identificación de necesidades de comunicación
10. Ejecución de proyectos de investigación
11. Análisis de datos
12. Estructuración de planes estratégicos de comunicación
13. Incremento de recordación y consideración de marca
14. Generación de impacto positivo en ventas
15. Presentación de conceptos creativos
16. Implementación de campañas de publicidad y promoción
17. Conocimientos básicos de diseño
18. Investigación de mercado
19. Conceptos de marketing
20. Análisis de mercado
21. Comunicación
22. Diseño de planes de mercadotecnia
23. Management de multiproyectos
24. Lectura e interpretación del mercado
25. Experiencia en interpretación del comportamiento del consumidor
26. Proactiv","

1. Planificación estratégica
2. Implementación de estrategias de branding
3. Establecimiento de guidelines
4. Visión de marca
5. Propuesta de valor de la marca
6. Custodia de la marca
7. Uso de la imagen
8. Identificación de necesidades de comunicación
9. Ejecución de proyectos de investigación
10. Análisis de datos
11. Estructuración de planes estratégicos de comunicación
12. Incremento de recordación y consideración de marca
13. Generación de impacto positivo en ventas
14. Presentación de conceptos creativos
15. Conocimientos básicos de diseño
16. Investigación de mercado
17. Conceptos de marketing
18. Publicidad
19. Análisis
20. Comunicación
21. Diseño de planes de mercadotecnia
22. Management de multiproyectos
23. Lectura e interpretación del mercado
24. Experiencia en interpretación del comportamiento del consumidor
25. Proactividad en búsqueda de nuevas formas y medios de comunicación
26. Conocimiento de producción audiovisual
27. Pl"
1,not mentioned,not mentioned,not mentioned,not mentioned,not mentioned,not mentioned,not mentioned,not mentioned,not mentioned,not mentioned,not mentioned,not mentioned,not mentioned,not mentioned,not mentioned,not mentioned,not mentioned,not mentioned,not mentioned,not mentioned,"
1. Conocimientos en tecnología
2. Experiencia en ventas
3. Habilidad para trabajar en equipo
4. Conocimientos en marketing
5. Habilidad para resolver problemas
6. Habilidad para comunicarse efectivamente
7. Conocimientos en finanzas
8. Habilidad para liderar proyectos
9. Conocimientos en análisis de datos
10. Habilidad para adaptarse a cambios rápidos
11. Conocimientos en gestión de proyectos
12. Habilidad para tomar decisiones estratégicas
13. Conocimientos en investigación de mercado
14. Habilidad para trabajar bajo presión
15. Conocimientos en gestión de presupuestos
16. Habilidad para priorizar tareas
17. Conocimientos en desarrollo de productos
18. Habilidad para establecer relaciones comerciales
19. Conocimientos en planificación estratégica
20. Habilidad para manejar conflictos.","

1. Comunicación efectiva
2. Trabajo en equipo
3. Adaptabilidad
4. Resolución de problemas
5. Creatividad
6. Liderazgo
7. Empatía
8. Pensamiento crítico
9. Gestión del tiempo
10. Toma de decisiones
11. Colaboración
12. Flexibilidad
13. Habilidad para aprender
14. Comunicación intercultural
15. Negociación
16. Resiliencia
17. Orientación al cliente
18. Organización
19. Motivación
20. Inteligencia emocional",es,"
1. Conocimientos en tecnología
2. Experiencia en ventas
3. Habilidad para trabajar en equipo
4. Conocimientos en marketing
5. Habilidad para resolver problemas
6. Habilidad para comunicarse efectivamente
7. Conocimientos en finanzas
8. Habilidad para liderar proyectos
9. Conocimientos en análisis de datos
10. Habilidad para adaptarse a cambios rápidos
11. Conocimientos en gestión de proyectos
12. Habilidad para tomar decisiones estratégicas
13. Conocimientos en investigación de mercado
14. Habilidad para trabajar bajo presión
15. Conocimientos en gestión de presupuestos
16. Habilidad para priorizar tareas
17. Conocimientos en desarrollo de productos
18. Habilidad para establecer relaciones comerciales
19. Conocimientos en planificación estratégica
20. Habilidad para manejar conflictos.","

1. Comunicación efectiva
2. Trabajo en equipo
3. Adaptabilidad
4. Resolución de problemas
5. Creatividad
6. Liderazgo
7. Empatía
8. Pensamiento crítico
9. Gestión del tiempo
10. Toma de decisiones
11. Colaboración
12. Flexibilidad
13. Habilidad para aprender
14. Comunicación intercultural
15. Negociación
16. Resiliencia
17. Orientación al cliente
18. Organización
19. Motivación
20. Inteligencia emocional"
2,LISTED,3918900037,Hostess / Toyota Santa Clara,"OBJETIVO DEL PUESTO

Recibir y organizar el flujo de clientes que lleguen al piso de ventas del distribuidor, a través de su registro en la tarjeta de cliente y su canalización con un asesor de ventas, para que el cliente tenga una experiencia extraordinaria desde el primer momento que pisa el distribuidor, cumplir con prontitud la atención del cliente; así como darle una recepción bien y a la primera, atender todas las llamadas entrantes y dar servicio al cliente, mantener la sala de ventas en óptimas condiciones

Competencias Laborales

- Orientación al Cliente-Agilidad de aprendizaje-Respeto por la diversidad-Construcción de confianza-Orientación a resultados-Profundo conocimiento del producto.

Funciones / Actividades

1 puntualidad *

2 apegarse al proceso y los lineamientos establecidos en los estándares operativos sobre la recepción de clientes *

3 capturar en el crm del distribuidor toda la información del prospecto, recabada por el asesor de ventas en la “tarjeta del cliente “llevar un archivo de control diario y kpi´s *

4 atender al prospecto a más tardar durante los primeros 3 minutos de su llegada *

5 identificar a los clientes que tienen cita y dirigirlos con el asesor asignado; y notificar al gerente de ventas acerca de la presencia del cliente en el piso de ventas *

6 hacer sentir al cliente en un ambiente cómodo desde que entra al piso de ventas, siempre mostrando una actitud profesional *

7 direccionar al prospecto y presentarlo con el asesor de ventas en turno *

8 persuadir al cliente de que acceda a la valuación de su vehículo actual y, en caso afirmativo, informar al valuador para proceder. de lo contrario, debe transferir al cliente con el asesor de ventas valuaciones (seminuevos) *

9 capturar clientes en base de datos sicop M *

10 atender llamadas de clientes *

11 verificar que las unidades de sala se encuentres limpias, con gasolina y batería *

12 ofrecer y preparar pruebas demos, *

17 tener llaves completas de sala de ventas así como demos y placas *

19 CUMPLIMIENTO DE CURSOS Y CAPACITACIÓN DE LA MARCA *

Apoyo a diferente actividades (en otras áreas )

Competencias

Creatividad e Iniciativa.

Pasión por el Servicio.

Trabajo en Equipo.

Comunicación.

Calidad y Mejora Continua.

Tolerancia a la Presión de Trabajo.

Profesionalismo.

Excelente Presentación e Imagen.

Horario

Lunes a Viernes 10:00 – 20:00

Sábado 9:00 -18:00

Domingo: 10:00 – 18:00",https://www.linkedin.com/jobs/view/3918900037/,"{'companyApplyUrl': 'https://grupokasaautomotriz.pandape.computrabajo.com/Detail/6597722?ov=19&utm_source=linkedinjobboard&utm_medium=referral&utm_campaign=feed&utm_term=organic&utm_content=ats', 'easyApplyUrl': ''}","{'id': 9590931, 'name': 'Grupo Kasa Automotriz', 'universalName': 'grupo-kasa-automotriz', 'description': 'Grupo Kasa Automotriz es líder entre de las concesionarias automotrices en México. Nuestra amplía experiencia, visión y enfoque nos ha convertido en referente dentro del mercado. A lo largo de más de cuarenta años, hemos mantenido un crecimiento continuo que nos ha permitido ser más rentables y competitivos. Contamos con 30 Agencias en el centro del país generando empleos para más de 2000 personas que comparten la visión de calidad y servicio que Grupo Kasa se ha caracterizado por brindar durante todo este tiempo.', 'logo': 'https://media.licdn.com/dms/image/C4D0BAQHNvXPqwV1f7w/company-logo_200_200/0/1631341474237?e=1723075200&v=beta&t=KUVk3C9ai5CpUI8AzMXyE8W5YYxYMkgTYSjPUl-k1FI', 'url': 'https://www.linkedin.com/company/grupo-kasa-automotriz', 'followerCount': 4708, 'staffCount': 252, 'staffCountRange': {'start': 1001, 'end': 5000}, 'industries': ['Motor Vehicle Manufacturing'], 'headquarter': {'geographicArea': 'México', 'country': 'MX', 'city': 'Tlanepantla de Baz'}}","Tlalnepantla de Baz, México, Mexico",Full-time,not mentioned,36,1717688840000,"['Management', 'Manufacturing']","['MGMT', 'MNFC']",[75],['Government Administration'],not mentioned,1715096840000,1715096840000,"['Communication', 'Food and Beverage Operations', 'Hostessing', 'Interpersonal Skills', 'Phone Etiquette', 'Receptionist Duties', 'Reservations', 'Telephone Reception']","

1. Puntualidad
2. Apego al proceso y lineamientos establecidos
3. Captura de información en CRM
4. Atención al cliente
5. Identificación de clientes con cita
6. Habilidad persuasiva
7. Captura de clientes en base de datos
8. Atención telefónica
9. Verificación de limpieza y condiciones de las unidades en sala de ventas
10. Ofrecimiento y preparación de pruebas demos
11. Manejo de llaves y placas
12. Cumplimiento de cursos y capacitación de la marca
13. Creatividad e iniciativa
14. Pasión por el servicio
15. Trabajo en equipo
16. Comunicación
17. Calidad y mejora continua
18. Tolerancia a la presión de trabajo
19. Profesionalismo
20. Excelente presentación e imagen.","

1. Orientación al cliente
2. Agilidad de aprendizaje
3. Respeto por la diversidad
4. Construcción de confianza
5. Orientación a resultados
6. Profundo conocimiento del producto
7. Creatividad e iniciativa
8. Pasión por el servicio
9. Trabajo en equipo
10. Comunicación
11. Calidad y mejora continua
12. Tolerancia a la presión de trabajo
13. Profesionalismo
14. Excelente presentación e imagen",es,"

1. Puntualidad
2. Apego al proceso y lineamientos establecidos
3. Captura de información en CRM
4. Atención al cliente
5. Identificación de clientes con cita
6. Habilidad persuasiva
7. Captura de clientes en base de datos
8. Atención telefónica
9. Verificación de limpieza y condiciones de las unidades en sala de ventas
10. Ofrecimiento y preparación de pruebas demos
11. Manejo de llaves y placas
12. Cumplimiento de cursos y capacitación de la marca
13. Creatividad e iniciativa
14. Pasión por el servicio
15. Trabajo en equipo
16. Comunicación
17. Calidad y mejora continua
18. Tolerancia a la presión de trabajo
19. Profesionalismo
20. Excelente presentación e imagen.","

1. Orientación al cliente
2. Agilidad de aprendizaje
3. Respeto por la diversidad
4. Construcción de confianza
5. Orientación a resultados
6. Profundo conocimiento del producto
7. Creatividad e iniciativa
8. Pasión por el servicio
9. Trabajo en equipo
10. Comunicación
11. Calidad y mejora continua
12. Tolerancia a la presión de trabajo
13. Profesionalismo
14. Excelente presentación e imagen"
3,LISTED,3906284075,HOJALATERO,"En Toyota Angelópolis estamos en busca de talentos como tu, únete al mejor equipo de trabajo a nivel nacional.

Estamos Buscando

 HOJALATERO

Requisitos

De 25 a 45 años

Casado (a)

Con experiencia mínima de 1 años en el desarrollo de la actividad

Con experiencia en lijado, cuadratura, conformado, etc

OFRECEMOS: Salario competitivo + comisiones por trabajos realizados + prestaciones de ley + prestaciones extras por ser parte de grupo excelencia

Habilidades: Conocimiento en el área de hojalatería y pintura",https://www.linkedin.com/jobs/view/3906284075/,"{'companyApplyUrl': 'https://www.unmejorempleo.com.mx/empleo-en_puebla_hojalatero-5578804.html', 'easyApplyUrl': ''}","{'name': 'Toyota Angelópolis', 'staffCountRange': {}, 'headquarter': {}}","Puebla, Puebla, Mexico",Full-time,1,26,1716170992000,['Other'],['OTHR'],[133],['Wholesale'],not mentioned,1713578992000,1713578992000,not mentioned,"

1. Conocimiento en el área de hojalatería y pintura
2. Experiencia en lijado, cuadratura, conformado, etc.","

1. Trabajo en equipo
2. Comunicación efectiva
3. Adaptabilidad
4. Responsabilidad
5. Orientación al detalle
6. Habilidad manual
7. Conocimiento en el área de hojalatería y pintura",es,"

1. Conocimiento en el área de hojalatería y pintura
2. Experiencia en lijado, cuadratura, conformado, etc.","

1. Trabajo en equipo
2. Comunicación efectiva
3. Adaptabilidad
4. Responsabilidad
5. Orientación al detalle
6. Habilidad manual
7. Conocimiento en el área de hojalatería y pintura"
4,LISTED,3906284080,ASESOR DE VENTAS SEMINUEVOS,"En Toyota valoramos tu experiencia, ¿cuentas con experiencia reciente como vendedor?

Acércate a nosotros, tenemos una Oferta comercial exclusiva para ti:

Ofrecemos: Salario Garantía+ Seguro de Vida + Comisiones no topadas + Beneficios extras por ser parte de Grupo Excelencia

Requisitos

Escolaridad: Mínimo Bachillerato

Edad: 25 a 45 años

Saber conducir (indispensable)

Habilidades: Facilidad de palabra, trato al cliente, logro de objetivos

Experiencia en ventas (NO ramo automotriz)

Actividades: Generar prospectos y adquirir nuevos clientes, cierre de ventas.",https://www.linkedin.com/jobs/view/3906284080/,"{'companyApplyUrl': 'https://www.unmejorempleo.com.mx/empleo-en_puebla_asesor_de_ventas_seminuevos-5578797.html', 'easyApplyUrl': ''}","{'name': 'Toyota Angelópolis', 'staffCountRange': {}, 'headquarter': {}}","Puebla, Puebla, Mexico",Full-time,4,49,1716170993000,"['Sales', 'Business Development']","['SALE', 'BD']",[133],['Wholesale'],Mid-Senior level,1713578995000,1713578995000,not mentioned,"

1. Facilidad de palabra
2. Trato al cliente
3. Logro de objetivos
4. Habilidad para conducir
5. Experiencia en ventas
6. Generación de prospectos
7. Cierre de ventas","

1. Facilidad de palabra
2. Trato al cliente
3. Logro de objetivos",es,"

1. Facilidad de palabra
2. Trato al cliente
3. Logro de objetivos
4. Habilidad para conducir
5. Experiencia en ventas
6. Generación de prospectos
7. Cierre de ventas","

1. Facilidad de palabra
2. Trato al cliente
3. Logro de objetivos"
5,LISTED,3878028505,Asesor de ventas Automotriz Toyota,"Sobre la empresa

Somos un grupo solido a nivel nacional, con mas de 70 años de experiencia, dedicado a la comercialización de vehículos, refacciones y mantenimiento automotriz; nuevo objetivo principal es superar las expectativas y necesidades de nuestros clientes, estamos en búsqueda de tu talento.

Responsabilidades

Servicio al cliente Cierre de VentasExpedientes administrativos

Competencias

Habilidades de comunicaciónApega a procesosIniciativa

2023-03-15T15:50:56.539282 https://vincu.com/mx/ofertas/hermosillo/58037-grupo-solana-asesor-de-ventas-automotriz-toyota/?utm_source=linkedin=agregadores=linkedin de $ 20,000 a $ 30,000",https://www.linkedin.com/jobs/view/3878028505/,"{'companyApplyUrl': 'https://vincu.com/mx/ofertas/hermosillo/58037-grupo-solana-asesor-de-ventas-automotriz-toyota/?utm_source=linkedin=agregadores=linkedin', 'easyApplyUrl': ''}","{'id': 3776752, 'name': 'Grupo Solana ', 'universalName': 'grupo-solana-automotriz', 'description': 'Somos un Grupo dedicado a la comercialización de Vehículos, refacciones y mantenimiento Automotriz, cuyo objetivo es superar las expectativas y necesidades de nuestros Clientes, Capital Humano, Accionistas y Proveedores; generando valor económico agregado, promoviendo el desarrollo del personal y la mejora continua', 'logo': 'https://media.licdn.com/dms/image/C560BAQH6IXg0OfC7Ig/company-logo_200_200/0/1671046821200/grupo_solana_automotriz_logo?e=1723075200&v=beta&t=M8Rz8giO6U6qkZr5IJaRHG-fiGdvi9pzKB6dhlFIjKE', 'url': 'https://www.linkedin.com/company/grupo-solana-automotriz', 'followerCount': 2923, 'staffCount': 241, 'staffCountRange': {'start': 1001, 'end': 5000}, 'specialities': ['Distribuidor Automotriz', 'Servicio Automotriz'], 'industries': ['Motor Vehicle Manufacturing'], 'headquarter': {'geographicArea': 'Jalisco', 'country': 'MX', 'city': 'Guadalajara', 'postalCode': '45200', 'line2': 'Guadalajara Jalisco', 'line1': 'Guadalajara Jalisco'}}","Hermosillo, Sonora, Mexico",Full-time,19,196,1717852636000,"['Sales', 'Business Development']","['SALE', 'BD']",[3198],['Automotive'],Mid-Senior level,1711816459000,1711816459000,"['Client Relations', 'Communication', 'Customer Follow-Up', 'Customer Relationship Management (CRM)', 'Deal Closure', 'English', 'Problem Solving', 'Research Skills', 'Sales', 'Team Management']","

1. Habilidades de comunicación
2. Apego a procesos
3. Iniciativa","

1. Habilidades de comunicación
2. Apego a procesos
3. Iniciativa",es,"

1. Habilidades de comunicación
2. Apego a procesos
3. Iniciativa","

1. Habilidades de comunicación
2. Apego a procesos
3. Iniciativa"
6,LISTED,3906861570,Especialista de Desarrollo de Distribuidores,"REQUISITOS:
Amplio conocimiento del mercado automotriz.Al menos 2 años de experiencia en análisis de información financiera.Trato con distribuidores.Inglés Avanzado.Excelente manejo de Office.Alta disponibilidad para viajar.Conocimiento en estados financieros, evaluación de proyectos, evaluación de KPIs de desempeño. 
PERFIL
Licenciatura en áreas administrativas/ financieras.Orientado a resultados, liderazgo, resolución de problemas.Trabajo en equipo.Capacidad de análisis cuantitativo y cualitativo.Trabajo bajo presión.Habilidad de negociación.Interés en desarrollo en áreas comerciales.Autogestión de tiempo y actividades.Comunicación efectiva y habilidades de gestión interpersonal.
FUNCIONES
Gestión y administración de KPIs de desempeño de la red de distribuidores (Dealer Scorecard).Actualización anual de KPIs de desempeño.Evaluación financiera de nuevos proyectos de inversión en la red de distribuidores.Gestión mensual de entrega y análisis de los DFS (Dealer Financial Statement) de la red de distribuidores.Supervisión de la salud financiera de la red de distribuidores.Diseño y seguimiento al plan de capacitación anual de la red de distribuidores en temas contables.Elaboración de reportes ejecutivos de la red de distribuidores (reporte integral de representación de mercado)Seguimiento al uso del presupuesto del área",https://www.linkedin.com/jobs/view/3906861570/,"{'companyApplyUrl': '', 'easyApplyUrl': 'https://www.linkedin.com/job-apply/3906861570'}","{'id': 8964677, 'name': 'Toyota de México', 'universalName': 'toyota-de-mexico', 'description': 'Nuestra mayor preocupación es la seguridad y confianza de nuestros clientes.', 'logo': 'https://media.licdn.com/dms/image/D560BAQGZaW4GaBNFJQ/company-logo_200_200/0/1684971645286/toyota_motor_sales_de_mexico_logo?e=1723075200&v=beta&t=VnVZ6_T8JiMY901uH4U8_GTjW1k_xhB8BQx9tk-YjGA', 'url': 'https://www.linkedin.com/company/toyota-de-mexico', 'followerCount': 154785, 'staffCount': 815, 'staffCountRange': {'start': 201, 'end': 500}, 'industries': ['Motor Vehicle Manufacturing'], 'headquarter': {'geographicArea': 'Mexico, D.F.', 'country': 'MX', 'city': 'Cuajimpala de Morelos', 'postalCode': '05120', 'line1': 'Paseo de Tamarindos No. 400-B, Piso 5 Col. Bosques de las Lomas'}}","Mexico City, Mexico",Full-time,213,1878,1716667111000,"['Business Development', 'Finance', 'Strategy/Planning']","['BD', 'FIN', 'STRA']",[116],"['Transportation, Logistics, Supply Chain and Storage']",Mid-Senior level,1714075111000,1714075111000,"['Communication', 'Key Performance Indicators']","

1. Amplio conocimiento del mercado automotriz
2. Experiencia en análisis de información financiera
3. Trato con distribuidores
4. Inglés avanzado
5. Excelente manejo de Office
6. Alta disponibilidad para viajar
7. Conocimiento en estados financieros
8. Evaluación de proyectos
9. Evaluación de KPIs de desempeño
10. Licenciatura en áreas administrativas/financieras
11. Orientado a resultados
12. Liderazgo
13. Resolución de problemas
14. Trabajo en equipo
15. Capacidad de análisis cuantitativo y cualitativo
16. Trabajo bajo presión
17. Habilidad de negociación
18. Interés en desarrollo en áreas comerciales
19. Autogestión de tiempo y actividades
20. Comunicación efectiva
21. Habilidades de gestión interpersonal
22. Gestión y administración de KPIs de desempeño
23. Actualización anual de KPIs de desempeño
24. Evaluación financiera de nuevos proyectos de inversión
25. Gest","

1. Orientado a resultados
2. Liderazgo
3. Resolución de problemas
4. Trabajo en equipo
5. Capacidad de análisis cuantitativo y cualitativo
6. Trabajo bajo presión
7. Habilidad de negociación
8. Interés en desarrollo en áreas comerciales
9. Autogestión de tiempo y actividades
10. Comunicación efectiva
11. Habilidades de gestión interpersonal",es,"

1. Amplio conocimiento del mercado automotriz
2. Experiencia en análisis de información financiera
3. Trato con distribuidores
4. Inglés avanzado
5. Excelente manejo de Office
6. Alta disponibilidad para viajar
7. Conocimiento en estados financieros
8. Evaluación de proyectos
9. Evaluación de KPIs de desempeño
10. Licenciatura en áreas administrativas/financieras
11. Orientado a resultados
12. Liderazgo
13. Resolución de problemas
14. Trabajo en equipo
15. Capacidad de análisis cuantitativo y cualitativo
16. Trabajo bajo presión
17. Habilidad de negociación
18. Interés en desarrollo en áreas comerciales
19. Autogestión de tiempo y actividades
20. Comunicación efectiva
21. Habilidades de gestión interpersonal
22. Gestión y administración de KPIs de desempeño
23. Actualización anual de KPIs de desempeño
24. Evaluación financiera de nuevos proyectos de inversión
25. Gest","

1. Orientado a resultados
2. Liderazgo
3. Resolución de problemas
4. Trabajo en equipo
5. Capacidad de análisis cuantitativo y cualitativo
6. Trabajo bajo presión
7. Habilidad de negociación
8. Interés en desarrollo en áreas comerciales
9. Autogestión de tiempo y actividades
10. Comunicación efectiva
11. Habilidades de gestión interpersonal"
7,LISTED,3920376046,Auxiliar Contable / Toyota Coacalco,"Agencia Automotriz Coacalco Solicita: Auxiliar Contable

Misión

Concentrar y registrar las diversas operaciones de ingresos y egresos en el sistema de contabilidad y de acuerdo a las políticas y procedimientos establecidas por el Corporativo, con el propósito de preparar información de los resultados financieros de la agencia.

Requerimientos

Escolaridad: Bachillerato o equivalente concluido.

Experiencia mínima de 3 años (preferente).

Conocimientos

 Contabilidad. Manejo de Programas Contables.

Responsabilidades Generales

- Recopilar información contable y financiera de las diversas áreas de la agencia, con el fin de asegurar que hayan sido aplicadas correctamente en el sistema- Elaborar pólizas, reportes y estados financieros mensuales, con el fin de presentar los resultados a sus superiores- Calcular las obligaciones fiscales de la empresa (ISR, IVA, IMPAC, ISAN, tenencias, etc.) con el fin de cumplir oportunamente con los pagos correspondientes- Reportar al Contador General y dar seguimiento y atención a los requerimientos fiscales (declaraciones, por ejemplo), con el fin de cumplir y darle la solución correspondiente- Realizar conciliaciones bancarias de partidas no correspondidas, para identificar depósitos sin aplicar y/o las partidas del banco pendientes en contabilidad- Coordinar con caja la revisión y pago de facturas de proveedores en las fechas y horarios establecidos, a fin de asegurar que los documentos que se reciben cumplan con los lineamientos establecidos para programación de pago- Responsable de realizar inventarios de manera selectiva y de forma periódica en las gerencias de servicio, ventas y refacciones, para cumplir con las disposiciones oficiales.

Competencias

Creatividad e Iniciativa.

Pasión por el Servicio.

Trabajo en Equipo.

Comunicación.

Calidad y Mejora Continua.

Tolerancia a la Presión de Trabajo.

Profesionalismo.

Ofrecemos

Sueldo base + prestaciones de ley + fondo de ahorro.

Lugar y Horario De Trabajo

Zona Coacalco.

Lun. - Vie. 9:00 a 19:00. Sab. 9:00 a 14:00.",https://www.linkedin.com/jobs/view/3920376046/,"{'companyApplyUrl': 'https://grupokasaautomotriz.pandape.computrabajo.com/Detail/6617578?ov=19&utm_source=linkedinjobboard&utm_medium=referral&utm_campaign=feed&utm_term=organic&utm_content=ats', 'easyApplyUrl': ''}","{'id': 9590931, 'name': 'Grupo Kasa Automotriz', 'universalName': 'grupo-kasa-automotriz', 'description': 'Grupo Kasa Automotriz es líder entre de las concesionarias automotrices en México. Nuestra amplía experiencia, visión y enfoque nos ha convertido en referente dentro del mercado. A lo largo de más de cuarenta años, hemos mantenido un crecimiento continuo que nos ha permitido ser más rentables y competitivos. Contamos con 30 Agencias en el centro del país generando empleos para más de 2000 personas que comparten la visión de calidad y servicio que Grupo Kasa se ha caracterizado por brindar durante todo este tiempo.', 'logo': 'https://media.licdn.com/dms/image/C4D0BAQHNvXPqwV1f7w/company-logo_200_200/0/1631341474237?e=1723075200&v=beta&t=KUVk3C9ai5CpUI8AzMXyE8W5YYxYMkgTYSjPUl-k1FI', 'url': 'https://www.linkedin.com/company/grupo-kasa-automotriz', 'followerCount': 4708, 'staffCount': 252, 'staffCountRange': {'start': 1001, 'end': 5000}, 'industries': ['Motor Vehicle Manufacturing'], 'headquarter': {'geographicArea': 'México', 'country': 'MX', 'city': 'Tlanepantla de Baz'}}","Coacalco de Berriozábal, México, Mexico",Full-time,1,19,1717861633000,"['Accounting/Auditing', 'Finance']","['ACCT', 'FIN']",[25],['Manufacturing'],Entry level,1715269634000,1715269634000,"['Bank Reconciliation', 'Accounts Payable & Receivable', 'Declarations', 'Bill Payment', 'Finance', 'Financial Results', 'Financial Statements', 'Accounting Software', 'Policies & Procedures', 'Depositions']","

1. Conocimientos en contabilidad
2. Manejo de programas contables
3. Recopilación de información contable y financiera
4. Elaboración de pólizas, reportes y estados financieros
5. Cálculo de obligaciones fiscales
6. Reporte y seguimiento de requerimientos fiscales
7. Realización de conciliaciones bancarias
8. Coordinación con caja para revisión y pago de facturas
9. Realización de inventarios
10. Creatividad e iniciativa
11. Pasión por el servicio
12. Trabajo en equipo
13. Comunicación
14. Calidad y mejora continua
15. Tolerancia a la presión de trabajo
16. Profesionalismo","

1. Creatividad e iniciativa
2. Pasión por el servicio
3. Trabajo en equipo
4. Comunicación
5. Calidad y mejora continua
6. Tolerancia a la presión de trabajo
7. Profesionalismo",es,"

1. Conocimientos en contabilidad
2. Manejo de programas contables
3. Recopilación de información contable y financiera
4. Elaboración de pólizas, reportes y estados financieros
5. Cálculo de obligaciones fiscales
6. Reporte y seguimiento de requerimientos fiscales
7. Realización de conciliaciones bancarias
8. Coordinación con caja para revisión y pago de facturas
9. Realización de inventarios
10. Creatividad e iniciativa
11. Pasión por el servicio
12. Trabajo en equipo
13. Comunicación
14. Calidad y mejora continua
15. Tolerancia a la presión de trabajo
16. Profesionalismo","

1. Creatividad e iniciativa
2. Pasión por el servicio
3. Trabajo en equipo
4. Comunicación
5. Calidad y mejora continua
6. Tolerancia a la presión de trabajo
7. Profesionalismo"
8,LISTED,3856437808,Preparador de Seminuevos / Toyota Santa Clara,"PREPARADOR DE SEMINUEVOS / TOYOTA SANTA CLARA

Misión:

Efectuar el detallado de las unidades para su entrega al cliente, siguiendo el proceso de la marca y concesionaria, con la impecable limpieza y presentación de los automóviles

Requerimientos:

Edad: 18 a 50 años.

Genero: Indistinto

Escolaridad: Mínimo secundaria concluida.

Experiencia mínima de 2 años en el área mecánica (preferente).

Conocimientos:

 Manejo. Aplicación de productos químicos.

Responsabilidades Generales:

- Realizar las acciones necesarias (lavado, encerado, pulido, aplicación de brillo a las partes que lo requieran), para garantizar la limpieza interior y exterior de las unidades, al ingreso de la concesionaria, para su entrega respectiva.- Poner gasolina a las unidades usadas de acuerdo a los requerimientos del Área de Ventas, así como colocar el porta placas y calcomanías a las unidades para su entrega.- Efectuar la limpieza de unidades en sala de exhibición de Nuevos.- Mantener el equipo y herramienta de trabajo en perfecto estado de funcionamiento para evitar errores en el detallado de la unidad usada- Mantener su área de trabajo limpia y ordenada, observando en ella las normas de seguridad.

¿Cuáles serán tus funciones?

 Recibir los vehículos para su preparación. Limpiar los automóviles detalladamente (vestiduras, tablero, paneles de puertas) Pulir los últimos detalles del automóvil para su entrega posterior. Verificar que todas las unidades del inventario se encuentren en perfecto estado y con preciador. Exhibir las unidades terminadas Colocar vehículos en salas de entregaMantener los vehículos con gasolina

Habilidades:

Buena comunicación

Proactividad

Trabajo en equipo

Enfoque de resultados

Concentración

Conocimientos:

Estética automotriz

Manejo de herramientas

Manejo de automóvil estándar y automático (licencia vigente)

Competencias:

Creatividad e Iniciativa.

Pasión por el servicio.

Trabajo en equipo.

Comunicación.

Calidad y Mejora Continua.

Tolerancia a la presión de trabajo.

Profesionalismo.

Ofrecemos:

Sueldo base.

Prestaciones de Ley.

Lugar y Horario De Trabajo:

Zona Ecatepec

Lun. - Vie. 9:00 a 19:00. Sab. 9:00 a 14:00.",https://www.linkedin.com/jobs/view/3856437808/,"{'companyApplyUrl': 'https://grupokasaautomotriz.pandape.computrabajo.com/Detail/5502178?ov=19&utm_source=linkedinjobboard&utm_medium=referral&utm_campaign=feed&utm_term=organic&utm_content=ats', 'easyApplyUrl': ''}","{'id': 9590931, 'name': 'Grupo Kasa Automotriz', 'universalName': 'grupo-kasa-automotriz', 'description': 'Grupo Kasa Automotriz es líder entre de las concesionarias automotrices en México. Nuestra amplía experiencia, visión y enfoque nos ha convertido en referente dentro del mercado. A lo largo de más de cuarenta años, hemos mantenido un crecimiento continuo que nos ha permitido ser más rentables y competitivos. Contamos con 30 Agencias en el centro del país generando empleos para más de 2000 personas que comparten la visión de calidad y servicio que Grupo Kasa se ha caracterizado por brindar durante todo este tiempo.', 'logo': 'https://media.licdn.com/dms/image/C4D0BAQHNvXPqwV1f7w/company-logo_200_200/0/1631341474237?e=1723075200&v=beta&t=KUVk3C9ai5CpUI8AzMXyE8W5YYxYMkgTYSjPUl-k1FI', 'url': 'https://www.linkedin.com/company/grupo-kasa-automotriz', 'followerCount': 4708, 'staffCount': 252, 'staffCountRange': {'start': 1001, 'end': 5000}, 'industries': ['Motor Vehicle Manufacturing'], 'headquarter': {'geographicArea': 'México', 'country': 'MX', 'city': 'Tlanepantla de Baz'}}","Ecatepec de Morelos, México, Mexico",Full-time,not mentioned,129,1717818333000,"['Design', 'Art/Creative', 'Information Technology']","['DSGN', 'ART', 'IT']",[133],['Wholesale'],Mid-Senior level,1710477204000,1710477204000,"['Automotive', 'Client Delivery', 'Commodity Chemicals', 'Communication', 'Continuous Improvement', 'Creativity and Innovation', 'Gloss', 'Presentations', 'Safety Regulations', 'Washing']","

1. Buena comunicación
2. Proactividad
3. Trabajo en equipo
4. Enfoque de resultados
5. Concentración
6. Estética automotriz
7. Manejo de herramientas
8. Manejo de automóvil estándar y automático (licencia vigente)
9. Creatividad e iniciativa
10. Pasión por el servicio
11. Comunicación
12. Calidad y mejora continua
13. Tolerancia a la presión de trabajo
14. Profesionalismo","

1. Buena comunicación
2. Proactividad
3. Trabajo en equipo
4. Enfoque de resultados
5. Concentración
6. Creatividad e iniciativa
7. Pasión por el servicio
8. Comunicación
9. Tolerancia a la presión de trabajo
10. Profesionalismo",es,"

1. Buena comunicación
2. Proactividad
3. Trabajo en equipo
4. Enfoque de resultados
5. Concentración
6. Estética automotriz
7. Manejo de herramientas
8. Manejo de automóvil estándar y automático (licencia vigente)
9. Creatividad e iniciativa
10. Pasión por el servicio
11. Comunicación
12. Calidad y mejora continua
13. Tolerancia a la presión de trabajo
14. Profesionalismo","

1. Buena comunicación
2. Proactividad
3. Trabajo en equipo
4. Enfoque de resultados
5. Concentración
6. Creatividad e iniciativa
7. Pasión por el servicio
8. Comunicación
9. Tolerancia a la presión de trabajo
10. Profesionalismo"
9,LISTED,3918548143,Auditor de Grupo ( Agencias Toyota- Subaru),"Realiza auditorias operativas, administrativas y financieras a todas las áreas, verificando que la administración de los recursos de la compañía se realice de acuerdo a políticas y procedimientos establecidos por la Dirección General. Evalúa y examina el control interno aplicado para detectar áreas de oportunidad; propone las acciones correctivas pertinentes para la prevención y detección de fraudes, salvaguardando del patrimonio e intereses de la compañía. 
Responsabilidades• Realiza revisiones especializadas solicitadas por la Dirección General, con el fin de emitir un informe de auditoría, para identificar ineficiencias operativas y administrativas, riesgos potenciales, faltas de honestidad e ilícitos. • Dar seguimiento a los compromisos que adquiere el departamento auditado para realizar una comprobación de los avances realizados. • Revisar el presupuesto de gastos contra los gastos reales ejercidos, para tener el control de lo presupuestado, cuestionado y documentado posibles desviaciones. • Participar en los eventos de realización de desechos de producto en mal estado y obsoleto, destrucción de documentación . • Participar en las licitaciones para proyectos de inversión o compras recurrentes, con el objetivo de que se realicen de acuerdo a políticas y procedimientos establecidos por la Dirección. • Fungir como perito contable ante las autoridades, en los procesos penales de la realización de auditorías internas. • Realizar la reprogramación mensual de actividades y dar prioridad a los departamentos que lo soliciten y continuar con los trabajos programados. • Revisar temas concretos y potenciales sobre los que se puedan tomar acciones preventivas y oportunas para la mejora a la organización.
Requisitos• Licenciatura en Contabilidad • 3 años o más en puesto similar. • Contabilidad general, auditoría interna, análisis y control de presupuestos, administración por objetivos, presentación de estadísticas e información financiera, controles internos, prevención de fraudes y revisión de papeles de trabajo. • Paquetería office, manejo de sistemas, comunicación organizacional, mejora continua, calidad y productividad, estandarización de procesos y satisfacción de clientes. • Competencias: Actitud de Servicio, Seguimiento y Control, Trabajo en Equipo, Organización. • Habilidades: comunicación eficaz, proactividad, iniciativa, administración del tiempo. 
Ofrecemos• Horario: Lunes a Viernes de 9:00 a 6:30 pm y Sábados 9:00 a 1:00 pm• Sueldo Competitivo • Prestaciones superiores a la ley • Subsidio en comedor • Gastos médicos menores gratuito para ti y tu familia • Gastos médicos mayores a precios preferenciales • Convenios con empresas para descuentos en productos y servicios • Capacitación continua • Plan de vida y carrera para crecimiento profesional • Día libre de cumpleaños • Días inhábiles por costumbre",https://www.linkedin.com/jobs/view/3918548143/,"{'companyApplyUrl': '', 'easyApplyUrl': 'https://www.linkedin.com/job-apply/3918548143'}","{'id': 10776810, 'name': 'Toyota Mérida', 'universalName': 'toyota-mérida', 'description': 'Cuando un Toyota se enciende, sabemos que un nuevo viaje juntos comienza y para nosotros, lo importante es que sepas que estamos contigo al 100.\n\nMerida:\nToyota Montejo tel.9300330 \n\nCancún:\nToyota Cancún tel.9981930000', 'logo': 'https://media.licdn.com/dms/image/C4E0BAQFBsWxJ9tSEow/company-logo_200_200/0/1631340466948?e=1723075200&v=beta&t=YAfd-Fn-T5zJxuSumD3CH5IXLQ6n_lFVhUL3hKgcPLA', 'url': 'https://www.linkedin.com/company/toyota-m%C3%A9rida', 'followerCount': 484, 'staffCount': 56, 'staffCountRange': {'start': 51, 'end': 200}, 'industries': ['Motor Vehicle Manufacturing'], 'headquarter': {'geographicArea': 'Yucatán', 'country': 'MX', 'city': 'Mérida', 'postalCode': '97119', 'line1': 'Prolongación Paseo Montejo esquina con calle 43, col. Benito Juárez Norte, 97119 Mérida'}}","Mérida, Yucatán, Mexico",Full-time,4,43,1717865384000,not mentioned,"['ACCT', 'FIN']",[53],not mentioned,not mentioned,1715273384000,1715273384000,"['Accounting', 'Auditing', 'Following Up', 'Internal Controls']","

1. Contabilidad general
2. Auditoría interna
3. Análisis y control de presupuestos
4. Administración por objetivos
5. Presentación de estadísticas e información financiera
6. Controles internos
7. Prevención de fraudes
8. Revisión de papeles de trabajo
9. Manejo de sistemas
10. Comunicación organizacional
11. Mejora continua
12. Calidad y productividad
13. Estandarización de procesos
14. Satisfacción de clientes
15. Comunicación eficaz
16. Proactividad
17. Iniciativa
18. Administración del tiempo","

1. Actitud de servicio
2. Seguimiento y control
3. Trabajo en equipo
4. Organización
5. Comunicación eficaz
6. Proactividad
7. Iniciativa
8. Administración del tiempo",es,"

1. Contabilidad general
2. Auditoría interna
3. Análisis y control de presupuestos
4. Administración por objetivos
5. Presentación de estadísticas e información financiera
6. Controles internos
7. Prevención de fraudes
8. Revisión de papeles de trabajo
9. Manejo de sistemas
10. Comunicación organizacional
11. Mejora continua
12. Calidad y productividad
13. Estandarización de procesos
14. Satisfacción de clientes
15. Comunicación eficaz
16. Proactividad
17. Iniciativa
18. Administración del tiempo","

1. Actitud de servicio
2. Seguimiento y control
3. Trabajo en equipo
4. Organización
5. Comunicación eficaz
6. Proactividad
7. Iniciativa
8. Administración del tiempo"
10,LISTED,3906284086,COMPRADOR SEMINUEVOS,"Toyota Angelópolis se encuentra en búsqueda de personal con experiencia como NEGOCIADOR para laborar como VALUADOR DE UNIDADES SEMINUEVAS.

Funciones

 Compra de unidades seminuevas Toyota y multimarca. Negociación con clientes. Inspección física de las unidades. Recabar la información necesaria para armar el expediente del cliente para la compra del vehículo *Requisitos: Escolaridad: Preparatoria o carrera técnica Experiencia: de preferencia 2 años en compra y venta en giro automotriz (conocer el proceso de compra-venta) Conocimiento básico en mecánica automotriz Facilidad de palabra, negociación y convencimiento Conducir auto estándar y automático Contar con licencia de manejo vigente. Manejo de redes sociales

Ofrecemos

 Salario base Comisiones atractivas Beneficios con corporativo Todas las prestaciones de ley Crecimiento laboral",https://www.linkedin.com/jobs/view/3906284086/,"{'companyApplyUrl': 'https://www.unmejorempleo.com.mx/empleo-en_puebla_comprador_seminuevos-5578803.html', 'easyApplyUrl': ''}","{'name': 'Toyota Angelópolis', 'staffCountRange': {}, 'headquarter': {}}","Puebla, Puebla, Mexico",Full-time,1,90,1716170999000,"['Purchasing', 'Supply Chain']","['PRCH', 'SUPL']",[133],['Wholesale'],Mid-Senior level,1713578999000,1713578999000,not mentioned,"

1. Experiencia en negociación
2. Inspección física de unidades
3. Conocimiento en mecánica automotriz
4. Habilidad en conducción de autos estándar y automático
5. Manejo de redes sociales","

1. Facilidad de palabra
2. Negociación
3. Convencimiento
4. Manejo de redes sociales",es,"

1. Experiencia en negociación
2. Inspección física de unidades
3. Conocimiento en mecánica automotriz
4. Habilidad en conducción de autos estándar y automático
5. Manejo de redes sociales","

1. Facilidad de palabra
2. Negociación
3. Convencimiento
4. Manejo de redes sociales"
11,LISTED,3856439236,Preparador Autos Nuevos / Toyota Santa Clara,"Preparador Autos Nuevos / Toyota Coacalco

Misión

Efectuar el detallado de las unidades para su entrega al cliente, siguiendo el proceso de la marca y concesionaria, con la impecable limpieza y presentación de los automóviles

Requerimientos:.

Genero: Indistinto

Escolaridad: Mínimo secundaria concluida.

Experiencia mínima de 2 años en el área mecánica (preferente).

Conocimientos

 Manejo. Aplicación de productos químicos.

Responsabilidades Generales

- Realizar las acciones necesarias (lavado, encerado, pulido, aplicación de brillo a las partes que lo requieran), para garantizar la limpieza interior y exterior de las unidades, al ingreso de la concesionaria, para su entrega respectiva.- Poner gasolina a las unidades usadas de acuerdo a los requerimientos del Área de Ventas, así como colocar el porta placas y calcomanías a las unidades para su entrega.- Efectuar la limpieza de unidades en sala de exhibición de Nuevos.- Mantener el equipo y herramienta de trabajo en perfecto estado de funcionamiento para evitar errores en el detallado de la unidad usada- Mantener su área de trabajo limpia y ordenada, observando en ella las normas de seguridad.

Competencias

Creatividad e Iniciativa.

Pasión por el servicio.

Trabajo en equipo.

Comunicación.

Calidad y Mejora Continua.

Tolerancia a la presión de trabajo.

Profesionalismo.

Ofrecemos

Sueldo base.

Prestaciones de Ley.

Lugar y Horario De Trabajo

Zona Ecatepec.

Lun. - Vie. 9:00 a 19:00. Sab. 9:00 a 14:00.",https://www.linkedin.com/jobs/view/3856439236/,"{'companyApplyUrl': 'https://grupokasaautomotriz.pandape.computrabajo.com/Detail/4489859?ov=19&utm_source=linkedinjobboard&utm_medium=referral&utm_campaign=feed&utm_term=organic&utm_content=ats', 'easyApplyUrl': ''}","{'id': 9590931, 'name': 'Grupo Kasa Automotriz', 'universalName': 'grupo-kasa-automotriz', 'description': 'Grupo Kasa Automotriz es líder entre de las concesionarias automotrices en México. Nuestra amplía experiencia, visión y enfoque nos ha convertido en referente dentro del mercado. A lo largo de más de cuarenta años, hemos mantenido un crecimiento continuo que nos ha permitido ser más rentables y competitivos. Contamos con 30 Agencias en el centro del país generando empleos para más de 2000 personas que comparten la visión de calidad y servicio que Grupo Kasa se ha caracterizado por brindar durante todo este tiempo.', 'logo': 'https://media.licdn.com/dms/image/C4D0BAQHNvXPqwV1f7w/company-logo_200_200/0/1631341474237?e=1723075200&v=beta&t=KUVk3C9ai5CpUI8AzMXyE8W5YYxYMkgTYSjPUl-k1FI', 'url': 'https://www.linkedin.com/company/grupo-kasa-automotriz', 'followerCount': 4708, 'staffCount': 252, 'staffCountRange': {'start': 1001, 'end': 5000}, 'industries': ['Motor Vehicle Manufacturing'], 'headquarter': {'geographicArea': 'México', 'country': 'MX', 'city': 'Tlanepantla de Baz'}}","Ecatepec de Morelos, México, Mexico",Full-time,4,132,1717818334000,"['Design', 'Art/Creative', 'Information Technology']","['DSGN', 'ART', 'IT']",[81],['Newspaper Publishing'],Entry level,1710477190000,1710477190000,"['Automotive', 'Safety Regulations', 'Cleansing', 'Client Delivery', 'Commodity Chemicals', 'Gloss', 'Washing', 'Presentations', 'Continuous Improvement', 'Creativity and Innovation']","

1. Conocimientos en manejo y aplicación de productos químicos
2. Experiencia en el área mecánica
3. Creatividad e iniciativa
4. Trabajo en equipo
5. Comunicación
6. Calidad y mejora continua
7. Tolerancia a la presión de trabajo
8. Profesionalismo","

1. Creatividad e iniciativa
2. Pasión por el servicio
3. Trabajo en equipo
4. Comunicación
5. Calidad y mejora continua
6. Tolerancia a la presión de trabajo
7. Profesionalismo",es,"

1. Conocimientos en manejo y aplicación de productos químicos
2. Experiencia en el área mecánica
3. Creatividad e iniciativa
4. Trabajo en equipo
5. Comunicación
6. Calidad y mejora continua
7. Tolerancia a la presión de trabajo
8. Profesionalismo","

1. Creatividad e iniciativa
2. Pasión por el servicio
3. Trabajo en equipo
4. Comunicación
5. Calidad y mejora continua
6. Tolerancia a la presión de trabajo
7. Profesionalismo"
12,LISTED,3856438612,Ejecutivo de Ventas Digitales / Toyota Santa Clara,"Agencia Automotriz Toyota Santa Clara Ecatepec Solicita

Ejecutivo de Ventas Digitales.

Misión

Impulsar las Ventas de los canales digitales por medio de la generación de citas a los prospectos recibidos.

Conocimientos

Excel, Office, Internet

Responsabilidades generales

 Generación de citas clientes de Internet Captación de clientes en redes como Facebook Ads, LinkedIn Ads, Twitter Ads para marcas etc Estrategias de ventas digitales con total enfoque de ventas para optimizar los resultados Seguimiento diario a llamadas re-programadas Preparación de citas para clientes Reporte de seguimiento de base de clientes Reporte de seguimiento clientes show Reporte de seguimiento clientes no show

Responsabilidades específicas

 Relación de citas diarias Citas show Citas vendidas Barrido de base Cumplimiento de proceso Calificación Mysteri Shoper Score auditoría de atención

Requerimientos

Escolaridad Mínima Preparatoria (Certificado)

Giro de Industria Automotriz

Competencias

CREATIVIDAD E INICIATIVA

PASIÓN POR EL SERVICIO

TRABAJO EN EQUIPO

COMUNICACIÓN

CALIDAD Y MEJORA CONTINUA

TOLERANCIA A LA PRESIÓN DE TRABAJO

PROFESIONALISMO

Ofrecemos

Sueldo base $6229 mas comisiones + 100 por cita efectiva + comision por venta

ingresos promedio 20 000 mensuales

IMSS

Horarios : Lunes a Viernes 9 am a 7 pm y sabados de 9 am a 2 pm.",https://www.linkedin.com/jobs/view/3856438612/,"{'companyApplyUrl': 'https://grupokasaautomotriz.pandape.computrabajo.com/Detail/4490128?ov=19&utm_source=linkedinjobboard&utm_medium=referral&utm_campaign=feed&utm_term=organic&utm_content=ats', 'easyApplyUrl': ''}","{'id': 9590931, 'name': 'Grupo Kasa Automotriz', 'universalName': 'grupo-kasa-automotriz', 'description': 'Grupo Kasa Automotriz es líder entre de las concesionarias automotrices en México. Nuestra amplía experiencia, visión y enfoque nos ha convertido en referente dentro del mercado. A lo largo de más de cuarenta años, hemos mantenido un crecimiento continuo que nos ha permitido ser más rentables y competitivos. Contamos con 30 Agencias en el centro del país generando empleos para más de 2000 personas que comparten la visión de calidad y servicio que Grupo Kasa se ha caracterizado por brindar durante todo este tiempo.', 'logo': 'https://media.licdn.com/dms/image/C4D0BAQHNvXPqwV1f7w/company-logo_200_200/0/1631341474237?e=1723075200&v=beta&t=KUVk3C9ai5CpUI8AzMXyE8W5YYxYMkgTYSjPUl-k1FI', 'url': 'https://www.linkedin.com/company/grupo-kasa-automotriz', 'followerCount': 4708, 'staffCount': 252, 'staffCountRange': {'start': 1001, 'end': 5000}, 'industries': ['Motor Vehicle Manufacturing'], 'headquarter': {'geographicArea': 'México', 'country': 'MX', 'city': 'Tlanepantla de Baz'}}","Ecatepec de Morelos, México, Mexico",Full-time,3,100,1717818321000,"['Sales', 'Business Development']","['SALE', 'BD']",[75],['Government Administration'],Mid-Senior level,1710477207000,1710477207000,"['Ad Tech', 'Automobiles', 'Customer Follow-Up', 'Customer Relationship Management (CRM)', 'Digital Channels', 'Digital Sales', 'Following Up', 'Grading', 'Sales', 'Sales Strategy']","

1. Conocimientos en Excel, Office e Internet
2. Generación de citas
3. Captación de clientes en redes sociales
4. Estrategias de ventas digitales
5. Seguimiento diario a llamadas re-programadas
6. Preparación de citas para clientes
7. Reporte de seguimiento de base de clientes
8. Reporte de seguimiento de clientes show
9. Reporte de seguimiento de clientes no show
10. Relación de citas diarias
11. Citas show
12. Citas vendidas
13. Barrido de base
14. Cumplimiento de proceso
15. Calificación Mysteri Shoper Score
16. Auditoría de atención
17. Escolaridad mínima de preparatoria
18. Experiencia en la industria automotriz
19. Creatividad e iniciativa
20. Pasión por el servicio
21. Trabajo en equipo
22. Comunicación
23. Calidad y mejora continua
24. Tolerancia a la presión de trabajo
25. Profesionalismo.","

1. Creatividad e iniciativa
2. Pasión por el servicio
3. Trabajo en equipo
4. Comunicación
5. Calidad y mejora continua
6. Tolerancia a la presión de trabajo
7. Profesionalismo",es,"

1. Conocimientos en Excel, Office e Internet
2. Generación de citas
3. Captación de clientes en redes sociales
4. Estrategias de ventas digitales
5. Seguimiento diario a llamadas re-programadas
6. Preparación de citas para clientes
7. Reporte de seguimiento de base de clientes
8. Reporte de seguimiento de clientes show
9. Reporte de seguimiento de clientes no show
10. Relación de citas diarias
11. Citas show
12. Citas vendidas
13. Barrido de base
14. Cumplimiento de proceso
15. Calificación Mysteri Shoper Score
16. Auditoría de atención
17. Escolaridad mínima de preparatoria
18. Experiencia en la industria automotriz
19. Creatividad e iniciativa
20. Pasión por el servicio
21. Trabajo en equipo
22. Comunicación
23. Calidad y mejora continua
24. Tolerancia a la presión de trabajo
25. Profesionalismo.","

1. Creatividad e iniciativa
2. Pasión por el servicio
3. Trabajo en equipo
4. Comunicación
5. Calidad y mejora continua
6. Tolerancia a la presión de trabajo
7. Profesionalismo"
13,LISTED,3907612539,Lavador de Autos / Toyota Coacalco,"Misión

Efectuar el detallado de las unidades para su entrega al cliente, siguiendo el proceso de la marca y concesionaria, con la impecable limpieza y presentación de los automóviles

Requerimientos

Experiencia mínima chofer (1 año), conocer la ciudad (2 años), Industria Automotriz (1 año).

SABER MANEJAR AUTOMATICO Y ESTANDAR Y CONTAR CON LICENCIA DE CONDUCIR VIGENTE (INDFISPENSABLE)

Conocimientos

 Mecánica en Genreral. Manejo de vehiculos. Conocimiento de la ciudad.

Responsabilidades Generales

- Realizar las acciones necesarias (lavado, encerado, pulido, aplicación de brillo a las partes que lo requieran), para garantizar la limpieza interior y exterior de las unidades, al ingreso de la concesionaria, para su entrega respectiva.- Poner gasolina a las unidades usadas de acuerdo a los requerimientos del Área de Ventas, así como colocar el porta placas y calcomanías a las unidades para su entrega.- Efectuar la limpieza de unidades en sala de exhibición de Nuevos.- Mantener el equipo y herramienta de trabajo en perfecto estado de funcionamiento para evitar errores en el detallado de la unidad usada- Mantener su área de trabajo limpia y ordenada, observando en ella las normas de seguridad. Dar movilidad a las unidades dentro de la agencia con el mayor cuidado y sin excederse en velocidad para evitar cuellos de botella.

Competencias

Creatividad e Iniciativa.

Pasion por el servicio.

Trabajo en equipo.

Comunicación.

Calidad y Mejora Continua.

Tolerancia a la presión de trabajo.

Profesionalismo.

Ofrecemos

Sueldo base.

Prestaciones de ley.

Lugar y Horario De Trabajo

Zona Coacalco.

Lun. - Vie. 9:00 a 19:00. Sab. 9:00 a 14:00.",https://www.linkedin.com/jobs/view/3907612539/,"{'companyApplyUrl': 'https://grupokasaautomotriz.pandape.computrabajo.com/Detail/6503125?ov=19&utm_source=linkedinjobboard&utm_medium=referral&utm_campaign=feed&utm_term=organic&utm_content=ats', 'easyApplyUrl': ''}","{'id': 9590931, 'name': 'Grupo Kasa Automotriz', 'universalName': 'grupo-kasa-automotriz', 'description': 'Grupo Kasa Automotriz es líder entre de las concesionarias automotrices en México. Nuestra amplía experiencia, visión y enfoque nos ha convertido en referente dentro del mercado. A lo largo de más de cuarenta años, hemos mantenido un crecimiento continuo que nos ha permitido ser más rentables y competitivos. Contamos con 30 Agencias en el centro del país generando empleos para más de 2000 personas que comparten la visión de calidad y servicio que Grupo Kasa se ha caracterizado por brindar durante todo este tiempo.', 'logo': 'https://media.licdn.com/dms/image/C4D0BAQHNvXPqwV1f7w/company-logo_200_200/0/1631341474237?e=1723075200&v=beta&t=KUVk3C9ai5CpUI8AzMXyE8W5YYxYMkgTYSjPUl-k1FI', 'url': 'https://www.linkedin.com/company/grupo-kasa-automotriz', 'followerCount': 4708, 'staffCount': 252, 'staffCountRange': {'start': 1001, 'end': 5000}, 'industries': ['Motor Vehicle Manufacturing'], 'headquarter': {'geographicArea': 'México', 'country': 'MX', 'city': 'Tlanepantla de Baz'}}","Coacalco de Berriozábal, México, Mexico",Full-time,not mentioned,39,1716479219000,"['General Business', 'Management', 'Business Development']","['GENB', 'MGMT', 'BD']",[133],['Wholesale'],Mid-Senior level,1713887220000,1713887220000,not mentioned,"

1. Experiencia en manejo de vehículos
2. Conocimiento de la ciudad
3. Experiencia en la industria automotriz
4. Conocimientos en mecánica en general
5. Licencia de conducir vigente
6. Habilidad para manejar automático y estándar
7. Habilidad para realizar detallado de unidades
8. Habilidad para realizar lavado, encerado y pulido de vehículos
9. Habilidad para aplicar brillo a las partes necesarias
10. Habilidad para poner gasolina a las unidades
11. Habilidad para colocar porta placas y calcomanías
12. Habilidad para mantener el equipo y herramientas en buen estado
13. Habilidad para mantener el área de trabajo limpia y ordenada
14. Habilidad para dar movilidad a las unidades con cuidado
15. Habilidad para trabajar en equipo
16. Habilidad para comunicarse efectivamente
17. Habilidad para ser creativo e iniciativo
18. Habilidad para brindar un servicio de calidad
19. Habilidad para trabajar bajo presión
20. Profesionalismo.","

1. Creatividad e iniciativa
2. Pasión por el servicio
3. Trabajo en equipo
4. Comunicación
5. Calidad y mejora continua
6. Tolerancia a la presión de trabajo
7. Profesionalismo",es,"

1. Experiencia en manejo de vehículos
2. Conocimiento de la ciudad
3. Experiencia en la industria automotriz
4. Conocimientos en mecánica en general
5. Licencia de conducir vigente
6. Habilidad para manejar automático y estándar
7. Habilidad para realizar detallado de unidades
8. Habilidad para realizar lavado, encerado y pulido de vehículos
9. Habilidad para aplicar brillo a las partes necesarias
10. Habilidad para poner gasolina a las unidades
11. Habilidad para colocar porta placas y calcomanías
12. Habilidad para mantener el equipo y herramientas en buen estado
13. Habilidad para mantener el área de trabajo limpia y ordenada
14. Habilidad para dar movilidad a las unidades con cuidado
15. Habilidad para trabajar en equipo
16. Habilidad para comunicarse efectivamente
17. Habilidad para ser creativo e iniciativo
18. Habilidad para brindar un servicio de calidad
19. Habilidad para trabajar bajo presión
20. Profesionalismo.","

1. Creatividad e iniciativa
2. Pasión por el servicio
3. Trabajo en equipo
4. Comunicación
5. Calidad y mejora continua
6. Tolerancia a la presión de trabajo
7. Profesionalismo"
14,LISTED,3856443068,Ejecutivo de Ventas Seminuevos / Toyota Santa Clara,"EJECUTIVOS DE VENTAS AUTOS SEMINUEVOS / TOYOTA SANTA CLARA ECATEPEC

Misión

Promover la venta de vehículos SEMINUEVOS Multimarca y accesorios de acuerdo a las políticas y procedimientos establecidos, con la finalidad de cumplir con el de presupuesto y/o objetivos establecidos por la Distribuidora, planta y Corporativo.

MANEJO DE AUTOMOVIL Y CONTAR CON LICENCIA DE CONDUCIR VIGENTE

Conocimientos

Industria Automotriz

Servicio y atención al cliente

Conocimiento de Proceso

Técnicas de Ventas

Esquemas financieros

Responsabilidades Generales

-Prospectar futuros clientes, dentro del piso de ventas y en campo (centros comerciales, puntos de venta del Distribuidor, cambaceo, etc.), con el fin de generar una cartera de clientes e iniciar una relación comercial.-Saludar y atender a los prospectos canalizados por la Anfitriona y/o Recepcionista, a fin de conocer y detectar sus necesidades.-Identificar el propósito de la visita del cliente con el fin de ofrecerle la ayuda más apropiada dependiendo de sus necesidades: folletería, asesoría, ver un modelo, negociar precio de un modelo, etc. .-Presentar el vehículo al cliente, enfocando las características y beneficios que cubren directamente las necesidades del cliente a fin de despertar el interés de compra.-Invitar al cliente a realizar una prueba de manejo, cuando el cliente haya seleccionado un modelo específico y sus necesidades de compra se encuentren satisfechas.-Solicitar al cliente el llenado del cuestionario de pruebas de manejo y despejar sus dudas, con el fin de que el cliente obtenga la confianza de que el vehículo demostrado cumple con sus necesidades.-Estructurar una propuesta económica en el cotizador (disponibilidad del vehículo, versión, accesorios, seguro, forma de pago, enganche, etc.) que cubra las necesidades detectadas en el cliente en el proceso de venta.-Presentar al cliente la propuesta económica, asegurándose de que la información sea clara, con el propósito de que el cliente se encuentre de acuerdo con los términos de la propuesta y se cierre la venta.-Elaborar orden de servicio y acondicionamiento para asegurarse de que el vehículo este listo para efectuar la entrega de la unidad al cliente en hora y fecha prometida.-Revisar la unidad vendida antes de ser entregada al cliente, a través de la “lista de verificación para la entrega de autos ”, con el fin de asegurar que se efectúe de acuerdo a los lineamientos establecidos.-Participar en las reuniones de trabajo, en donde se establezcan las estrategias comerciales, objetivos y seguimiento de operación.-Efectuar la entrega del vehículo vendido al cliente, junto con la documentación y explicaciones correspondientes del manual del propietario, garantías, servicios, trámites, operación del vehículo etc. con el fin de cumplir con la entrega del producto de acuerdo al proceso establecido.-Con base a la Agenda de Seguimiento, realizar llamadas telefónicas a los clientes, para conocer sus intenciones de compra.

Responsabilidades Específicas

Brindar asesoría profesional a los clientes actuales y potenciales, para generar ventas efectivas y cumplir con los objetivos de ventas fijados por la empresa; siguiendo un proceso a través del cual, prospecta clientes, identifica necesidades, diseña una propuesta de servicios a la medida, brinda seguimiento en la instalaci��n y servicio post venta que garantice la fidelización de los clientes.

Requerimientos

Escolaridad Mínima Preparatoria (Certificado)

Área de Experiencia VENTAS ( Autos (Preferentemente, no necesario), Intangibles, atención a clientes ) (1 Año)

Saber manejar y contar con Licencia de Conducir Vigente

OFRECEMOS: IMSS + SALARIO GARANTÍA MENSUAL DE $7400.00 + ATRACTIVO ESQUEMA DE COMISIONES

Disponibilidad para Cambiar de Residencia Indistinto

Giro de Industria Automotriz

Competencias

Creatividad e IniciativaPasión por el servicioTrabajo en equipoComunicaciónCalidad y Mejora ContinuaTolerancia a la presión de trabajoProfesionalismo",https://www.linkedin.com/jobs/view/3856443068/,"{'companyApplyUrl': 'https://grupokasaautomotriz.pandape.computrabajo.com/Detail/5500847?ov=19&utm_source=linkedinjobboard&utm_medium=referral&utm_campaign=feed&utm_term=organic&utm_content=ats', 'easyApplyUrl': ''}","{'id': 9590931, 'name': 'Grupo Kasa Automotriz', 'universalName': 'grupo-kasa-automotriz', 'description': 'Grupo Kasa Automotriz es líder entre de las concesionarias automotrices en México. Nuestra amplía experiencia, visión y enfoque nos ha convertido en referente dentro del mercado. A lo largo de más de cuarenta años, hemos mantenido un crecimiento continuo que nos ha permitido ser más rentables y competitivos. Contamos con 30 Agencias en el centro del país generando empleos para más de 2000 personas que comparten la visión de calidad y servicio que Grupo Kasa se ha caracterizado por brindar durante todo este tiempo.', 'logo': 'https://media.licdn.com/dms/image/C4D0BAQHNvXPqwV1f7w/company-logo_200_200/0/1631341474237?e=1723075200&v=beta&t=KUVk3C9ai5CpUI8AzMXyE8W5YYxYMkgTYSjPUl-k1FI', 'url': 'https://www.linkedin.com/company/grupo-kasa-automotriz', 'followerCount': 4708, 'staffCount': 252, 'staffCountRange': {'start': 1001, 'end': 5000}, 'industries': ['Motor Vehicle Manufacturing'], 'headquarter': {'geographicArea': 'México', 'country': 'MX', 'city': 'Tlanepantla de Baz'}}","Ecatepec de Morelos, México, Mexico",Full-time,1,118,1717818321000,"['Sales', 'Business Development']","['SALE', 'BD']",[14],['Hospitals and Health Care'],Mid-Senior level,1710477186000,1710477186000,"['Accessorizing', 'Automobiles', 'Automotive Sales', 'Customer Base', 'Customer Loyalty', 'Customer Support', 'Fit-out', 'Policies & Procedures', 'Receptionist Duties', 'Schemas']","

1. Conocimientos de la industria automotriz
2. Conocimiento de procesos
3. Técnicas de ventas
4. Esquemas financieros
5. Manejo de automóvil
6. Licencia de conducir vigente
7. Prospectar clientes
8. Atención al cliente
9. Identificación de necesidades del cliente
10. Presentación de vehículos
11. Invitación a prueba de manejo
12. Elaboración de propuestas económicas
13. Revisión de unidades vendidas
14. Participación en reuniones de trabajo
15. Entrega de vehículos y documentación
16. Seguimiento a clientes
17. Asesoría profesional
18. Diseño de propuestas de servicios
19. Seguimiento en instalación y servicio post venta
20. Fidelización de clientes.","

1. Creatividad e iniciativa
2. Pasión por el servicio
3. Trabajo en equipo
4. Comunicación
5. Calidad y mejora continua
6. Tolerancia a la presión de trabajo
7. Profesionalismo",es,"

1. Conocimientos de la industria automotriz
2. Conocimiento de procesos
3. Técnicas de ventas
4. Esquemas financieros
5. Manejo de automóvil
6. Licencia de conducir vigente
7. Prospectar clientes
8. Atención al cliente
9. Identificación de necesidades del cliente
10. Presentación de vehículos
11. Invitación a prueba de manejo
12. Elaboración de propuestas económicas
13. Revisión de unidades vendidas
14. Participación en reuniones de trabajo
15. Entrega de vehículos y documentación
16. Seguimiento a clientes
17. Asesoría profesional
18. Diseño de propuestas de servicios
19. Seguimiento en instalación y servicio post venta
20. Fidelización de clientes.","

1. Creatividad e iniciativa
2. Pasión por el servicio
3. Trabajo en equipo
4. Comunicación
5. Calidad y mejora continua
6. Tolerancia a la presión de trabajo
7. Profesionalismo"
15,LISTED,3884279552,Chofer de Servicio / Toyota Santa Clara,"CHOFER DE SERVICIO / TOYOTA SANTA CLARA

Misión

Acomodar o mover las unidades recibidas, en proceso y de entrega, para agilizar el flujo vehicular dentro de la consecionaria, así como entregar y recibir refacciones en agencias del Grupo

Requerimientos

Edad: 25 a 60 años.

Sexo: masculino.

Escolaridad: N/E.

Experiencia mínima chofer (1 año), conocer la ciudad (2 años), Industria Automotriz (1 año).

Disponibilidad para viajar con limitaciones.

LICENCIA DE MANEJO VIGENTE

Conocimientos

 Mecánica en Genreral. Manejo de vehiculos. Automatico y estandar Conocimiento de la ciudad.

Responsabilidades Generales

 Dar movilidad a las unidades dentro de la agencia con el mayor cuidado y sin excederse en velocidad para evitar cuellos de botella. Vigilar que las unidades no estén con algún consumidor eléctrico activado (radio, luces, etc.). Apoyar en el proceso de entrega y recolección de autos de clientes a domicilio. Entregar y recibir refacciones en agencias del Grupo. Entregar y recoger documentación de proveedores, distribuidores y de planta.

MANEJO DE APLICACIONES DE UBIZACION COMO WIZE Y GOOGLE MAPS

CONOCIMIENTO DE LA ZONA METROPOLITANA

VIATIOS PARA TRASLADO EN ZONA METROPOLITANA

Competencias

Creatividad e Iniciativa.

Pasion por el servicio.

Trabajo en equipo.

Comunicación.

Calidad y Mejora Continua.

Tolerancia a la presión de trabajo.

Profesionalismo.

Ofrecemos

Sueldo base.

Prestaciones de ley + Fondo de Ahorro

Lugar y Horario De Trabajo

Zona Santa Clara Ecatepec.

Lun. - Vie. 9:00 a 19:00. Sab. 9:00 a 14:00.",https://www.linkedin.com/jobs/view/3884279552/,"{'companyApplyUrl': 'https://grupokasaautomotriz.pandape.computrabajo.com/Detail/6383227?ov=19&utm_source=linkedinjobboard&utm_medium=referral&utm_campaign=feed&utm_term=organic&utm_content=ats', 'easyApplyUrl': ''}","{'id': 9590931, 'name': 'Grupo Kasa Automotriz', 'universalName': 'grupo-kasa-automotriz', 'description': 'Grupo Kasa Automotriz es líder entre de las concesionarias automotrices en México. Nuestra amplía experiencia, visión y enfoque nos ha convertido en referente dentro del mercado. A lo largo de más de cuarenta años, hemos mantenido un crecimiento continuo que nos ha permitido ser más rentables y competitivos. Contamos con 30 Agencias en el centro del país generando empleos para más de 2000 personas que comparten la visión de calidad y servicio que Grupo Kasa se ha caracterizado por brindar durante todo este tiempo.', 'logo': 'https://media.licdn.com/dms/image/C4D0BAQHNvXPqwV1f7w/company-logo_200_200/0/1631341474237?e=1723075200&v=beta&t=KUVk3C9ai5CpUI8AzMXyE8W5YYxYMkgTYSjPUl-k1FI', 'url': 'https://www.linkedin.com/company/grupo-kasa-automotriz', 'followerCount': 4708, 'staffCount': 252, 'staffCountRange': {'start': 1001, 'end': 5000}, 'industries': ['Motor Vehicle Manufacturing'], 'headquarter': {'geographicArea': 'México', 'country': 'MX', 'city': 'Tlanepantla de Baz'}}","Ecatepec de Morelos, México, Mexico",Full-time,13,144,1717299969000,"['Management', 'Manufacturing']","['MGMT', 'MNFC']",[133],['Wholesale'],Mid-Senior level,1712332116000,1712332116000,"['Automobiles', 'Caretaking', 'Communication', 'Continuous Improvement', 'Creativity and Innovation', 'Documentation', 'Flux', 'Professional Driving', 'Truck Driving', 'Velocity']","

1. Conocimiento de mecánica en general
2. Manejo de vehículos
3. Conocimiento de la ciudad
4. Manejo de aplicaciones de ubicación como Waze y Google Maps
5. Conocimiento de la zona metropolitana
6. Viatios para traslado en zona metropolitana","

1. Creatividad e iniciativa
2. Pasión por el servicio
3. Trabajo en equipo
4. Comunicación
5. Calidad y mejora continua
6. Tolerancia a la presión de trabajo
7. Profesionalismo",es,"

1. Conocimiento de mecánica en general
2. Manejo de vehículos
3. Conocimiento de la ciudad
4. Manejo de aplicaciones de ubicación como Waze y Google Maps
5. Conocimiento de la zona metropolitana
6. Viatios para traslado en zona metropolitana","

1. Creatividad e iniciativa
2. Pasión por el servicio
3. Trabajo en equipo
4. Comunicación
5. Calidad y mejora continua
6. Tolerancia a la presión de trabajo
7. Profesionalismo"
16,LISTED,3894577480,Jefe de HyP / Toyota Santa Clara,"JEFE DE HOJALATERIA Y PINTURA / TOYOTA SANTA CLARA

Misión

Coordinar las actividades de Hojalatería y Pintura de las unidades a reparar, optimizando los recursos técnicos y humanos, con la finalidad de cumplir con los estándares de servicio y calidad establecidos por la Marca y la Distribuidora.

Requerimientos

Escolaridad bachillerato concluido o equivalente.Experiencia mínima 3 años en mecánica y/o Auxiliar Administrativo. 5 años Hojalatería y Pintura.

Conocimientos

 Conocimientos amplios de Mecánica en General. Conocimiento en Técnicas de Reconstrucción. Técnicas de hojalatería. Conocimiento en Técnicas de Pintura. Cursos de valuación.

Responsabilidades Generales

- Verificar y autorizar las cotizaciones de las reparaciones, para asegurar que el presupuesto esté acorde con los precios vigentes de la agencia.- Vigilar el proceso de reparación de unidades en servicios de Hojalatería y Pintura, con la finalidad de cumplir las órdenes de trabajo con la calidad y oportunidad requeridas.- Coordinar con el área de Refacciones el surtido de piezas, para completar las órdenes de trabajo oportunamente.- Supervisar el registro y control de los autos que ingresan a reparación a través de bitácoras o reportes, para llevar el control de trabajos realizados.- Mantener las condiciones de seguridad requeridos tanto en el área (existencia de extintores) como en el personal (uso de goggles, guantes, tapones de oído, etc.) con el propósito de evitar accidentes de trabajo.- Reportar a los representantes de las compañías de seguros sobre la recepción de unidades, para negociar la autorización completa o en su defecto el máximo posible de la reparación.- Atender e informar a los valuadores de las compañías de seguros sobre el avance de reparación y de detalles adicionales identificados en el proceso de reparación.- Gestionar el cobro de facturas con las compañías aseguradoras, para obtener el pago de los servicios prestados.- Vigilar el abastecimiento de pintura de la distribuidora, con el objeto de mantener el surtido completo.- Supervisar los avances físicos de los trabajos comparando contra los tiempos estimados en las bitácoras o reportes- Verificar que el estado de las instalaciones, especialmente de pintura, cumplan con la normatividad tanto de la marca como las oficiales mexicanas.- Revisar las inconformidades presentadas por los asegurados sobre el trabajo realizado, con el objeto de solucionarlas con la Aseguradora.- Supervisar el trabajo del Hojalatero, con el propósito de asegurar que su realización esté de acuerdo a la calidad esperada.

Competencias

Creatividad e Iniciativa.

Pasión por el servicio.

Trabajo en equipo.

Comunicación.

Calidad y Mejora Continua.

Tolerancia a la presión de trabajo.

Profesionalismo.

Ofrecemos

Sueldo base + comisiones

Prestaciones de ley + fondo de ahorro

Lugar y Horario De Trabajo

Zona Ecatepec

Lun. - Vie. 9:00 a 19:00. Sab. 9:00 a 14:00.",https://www.linkedin.com/jobs/view/3894577480/,"{'companyApplyUrl': 'https://grupokasaautomotriz.pandape.computrabajo.com/Detail/6428911?ov=19&utm_source=linkedinjobboard&utm_medium=referral&utm_campaign=feed&utm_term=organic&utm_content=ats', 'easyApplyUrl': ''}","{'id': 9590931, 'name': 'Grupo Kasa Automotriz', 'universalName': 'grupo-kasa-automotriz', 'description': 'Grupo Kasa Automotriz es líder entre de las concesionarias automotrices en México. Nuestra amplía experiencia, visión y enfoque nos ha convertido en referente dentro del mercado. A lo largo de más de cuarenta años, hemos mantenido un crecimiento continuo que nos ha permitido ser más rentables y competitivos. Contamos con 30 Agencias en el centro del país generando empleos para más de 2000 personas que comparten la visión de calidad y servicio que Grupo Kasa se ha caracterizado por brindar durante todo este tiempo.', 'logo': 'https://media.licdn.com/dms/image/C4D0BAQHNvXPqwV1f7w/company-logo_200_200/0/1631341474237?e=1723075200&v=beta&t=KUVk3C9ai5CpUI8AzMXyE8W5YYxYMkgTYSjPUl-k1FI', 'url': 'https://www.linkedin.com/company/grupo-kasa-automotriz', 'followerCount': 4708, 'staffCount': 252, 'staffCountRange': {'start': 1001, 'end': 5000}, 'industries': ['Motor Vehicle Manufacturing'], 'headquarter': {'geographicArea': 'México', 'country': 'MX', 'city': 'Tlanepantla de Baz'}}","Ecatepec de Morelos, México, Mexico",Full-time,5,85,1717861638000,"['General Business', 'Management', 'Business Development']","['GENB', 'MGMT', 'BD']",[81],['Newspaper Publishing'],not mentioned,1712893547000,1712893547000,"['Assortment Strategies', 'Audio-Visual Production', 'Pressure', 'Painting', 'Valuation', 'Reconstruction', 'Sourcing', 'Front Office Operations', 'Creativity and Innovation', 'Work Orders']","

1. Conocimientos amplios de Mecánica en General
2. Conocimiento en Técnicas de Reconstrucción
3. Técnicas de hojalatería
4. Conocimiento en Técnicas de Pintura
5. Cursos de valuación
6. Coordinación
7. Supervisión
8. Verificación
9. Autorización
10. Vigilancia
11. Control
12. Mantenimiento
13. Reporte
14. Gestión
15. Cobro
16. Abastecimiento
17. Revisión
18. Solución de problemas
19. Trabajo en equipo
20. Comunicación
21. Calidad y mejora continua
22. Tolerancia a la presión de trabajo
23. Profesionalismo.","

1. Creatividad e iniciativa
2. Pasión por el servicio
3. Trabajo en equipo
4. Comunicación
5. Calidad y mejora continua
6. Tolerancia a la presión de trabajo
7. Profesionalismo",es,"

1. Conocimientos amplios de Mecánica en General
2. Conocimiento en Técnicas de Reconstrucción
3. Técnicas de hojalatería
4. Conocimiento en Técnicas de Pintura
5. Cursos de valuación
6. Coordinación
7. Supervisión
8. Verificación
9. Autorización
10. Vigilancia
11. Control
12. Mantenimiento
13. Reporte
14. Gestión
15. Cobro
16. Abastecimiento
17. Revisión
18. Solución de problemas
19. Trabajo en equipo
20. Comunicación
21. Calidad y mejora continua
22. Tolerancia a la presión de trabajo
23. Profesionalismo.","

1. Creatividad e iniciativa
2. Pasión por el servicio
3. Trabajo en equipo
4. Comunicación
5. Calidad y mejora continua
6. Tolerancia a la presión de trabajo
7. Profesionalismo"
